N, comparacoes, atribuicoes, tempo, tipo de array
10, 44, 101, 7e-06, ListRO
100, 4043, 6797, 0.000156, ListRO
1000, 510369, 778385, 0.014963, ListRO
10000, 49446364, 74355383, 1.50038, ListRO
100000, 672581584, -1136166825, 156.553, ListRO
