N, comparacoes, atribuicoes, tempo, tipo de array
10, 63, 108, 6e-06, ListDOrd
100, 5151, 5646, 4.7e-05, ListDOrd
1000, 501502, 506497, 0.001565, ListDOrd
10000, 50015033, 50065028, 0.156537, ListDOrd
100000, 705182754, 705682749, 16.253, ListDOrd
