N, comparacoes, atribuicoes, tempo, tipo de array
10000, 185347, 269153, 0.003878, ListRO
100000, 2394485, 3383010, 0.047712, ListRO
1000000, 30180524, 41524839, 0.564416, ListRO
10, 39, 79, 6e-06, ListRO
10000, 185353, 269159, 0.004303, ListRO
100000, 2394485, 3383010, 0.056605, ListRO
1000000, 30180524, 41524839, 0.567194, ListRO
100, 881, 1407, 8.8e-05, ListRO
