N, comparacoes, atribuicoes, tempo, tipo de array
10, 36, 76, 5e-06, ListRO
100, 881, 1407, 4e-05, ListRO
1000, 13548, 20364, 0.000467, ListRO
10000, 183624, 267878, 0.005927, ListRO
100000, 2469564, 3451260, 0.049631, ListRO

