N, comparacoes, atribuicoes, tempo, tipo de array
1000000, 19118090, 6024279, 0.139991, ListDOrd
1000000, 19118090, 6024279, 0.140858, ListDOrd
